,age,sex,year,X.1,X.2,X.3,X.4,X.5,X.6,X.7,X.8,B0
0,0.42715947557876754,0.48576915587869685,-0.3626560137766694,1.0850537538945841,0.2739189527136141,-0.28877904981422453,0.01940139642074134,0.2522486785077509,-0.1423793756788759,-0.10924158908654688,-0.11413615578487182,2.7438007971902345
1,0.3305642285449819,0.47088700944290746,-0.2737528163850605,1.183539429590589,0.24853083671487822,-0.23430612108756974,0.036254330107060195,0.2827674017090211,-0.2066599255595086,-0.16082293886546328,-0.11293035902237603,2.5768558600428237
2,0.5322654466359491,0.5514850680050002,-0.4805555504841191,1.157049117925345,0.24041458081185454,-0.14774606941652807,0.03960199491246796,0.17397742530582244,-0.48586737057214946,0.01900355129540654,-0.16584299905101763,2.7496492347428787
3,0.39625752138187326,0.38596387731738885,-0.49979036947256933,1.1240337998844314,0.08650322806452991,-0.26650537636498145,-0.09159396474952455,0.16938252009580504,-0.09557787578125981,0.13200445086958196,-0.11736302191504588,2.6073816459435033
4,0.2712158682695481,0.5128682328489106,-0.3070072375666974,1.136416998312848,0.17033508900399524,-0.0632848051748483,-0.12755732681823742,0.2011204872801276,-0.0724681822692698,-0.05183307245158692,-0.027874011984968722,2.5470929046560187
