,Method,Log Loss
0,Baseline,1.3685145082823298
1,Baseline,1.332950339565336
2,Baseline,1.406705358380019
3,Baseline,1.4864850393113045
4,Baseline,1.1145412225220612
5,Multinomal LR,1.1985125502146483
6,Multinomal LR,1.312719680942347
7,Multinomal LR,1.5386338266411033
8,Multinomal LR,1.534293359861379
9,Multinomal LR,1.0103646916724356
10,Ordinal LR,[1.15878762]
11,Ordinal LR,[1.14302862]
12,Ordinal LR,[1.35690773]
13,Ordinal LR,[1.32343604]
14,Ordinal LR,[1.03850237]
