;class;X.1
0;0;-1.217395285867036
1;1;-0.6445033866354896
2;2;0.5012804118276031
3;3;1.3606182606749224
